<?xml version="1.0" encoding="UTF-8"?>
<configurationDescriptor version="62">
  <logicalFolder name="root" displayName="root" projectFiles="true">
    <logicalFolder name="HeaderFiles"
                   displayName="Header Files"
                   projectFiles="true">
      <itemPath>system.h</itemPath>
      <itemPath>user.h</itemPath>
      <itemPath>sw_uart.h</itemPath>
      <itemPath>rtc.h</itemPath>
      <itemPath>leddriver.h</itemPath>
      <itemPath>configuration.h</itemPath>
      <itemPath>ldr.h</itemPath>
      <itemPath>buttons.h</itemPath>
      <itemPath>characters.h</itemPath>
      <itemPath>words.h</itemPath>
      <itemPath>eeprom.h</itemPath>
    </logicalFolder>
    <logicalFolder name="LibraryFiles"
                   displayName="Library Files"
                   projectFiles="true">
    </logicalFolder>
    <logicalFolder name="ObjectFiles"
                   displayName="Object Files"
                   projectFiles="true">
    </logicalFolder>
    <logicalFolder name="SourceFiles"
                   displayName="Source Files"
                   projectFiles="true">
      <itemPath>configuration_bits.c</itemPath>
      <itemPath>main.c</itemPath>
      <itemPath>system.c</itemPath>
      <itemPath>user.c</itemPath>
      <itemPath>openuart.c</itemPath>
      <itemPath>sw_uart.c</itemPath>
      <itemPath>rtc.c</itemPath>
      <itemPath>leddriver.c</itemPath>
      <itemPath>ldr.c</itemPath>
      <itemPath>buttons.c</itemPath>
      <itemPath>characters.c</itemPath>
      <itemPath>eeprom.c</itemPath>
    </logicalFolder>
    <logicalFolder name="ExternalFiles"
                   displayName="Important Files"
                   projectFiles="false">
      <itemPath>Makefile</itemPath>
    </logicalFolder>
    <itemPath>getting_started.txt</itemPath>
    <itemPath>legal_disclaimer.txt</itemPath>
    <itemPath>project_information.txt</itemPath>
    <itemPath>TODO.txt</itemPath>
  </logicalFolder>
  <sourceRootList>
    <Elem>i2c</Elem>
  </sourceRootList>
  <projectmakefile>Makefile</projectmakefile>
  <confs>
    <conf name="C18_18F4550" type="2">
      <toolsSet>
        <developmentServer>localhost</developmentServer>
        <targetDevice>PIC18F4550</targetDevice>
        <targetHeader></targetHeader>
        <targetPluginBoard></targetPluginBoard>
        <platformTool>Simulator</platformTool>
        <languageToolchain>XC8</languageToolchain>
        <languageToolchainVersion>1.11</languageToolchainVersion>
        <platform>3</platform>
      </toolsSet>
      <compileType>
        <linkerTool>
          <linkerLibItems>
          </linkerLibItems>
        </linkerTool>
        <loading>
          <useAlternateLoadableFile>false</useAlternateLoadableFile>
          <alternateLoadableFile></alternateLoadableFile>
        </loading>
      </compileType>
      <makeCustomizationType>
        <makeCustomizationPreStepEnabled>false</makeCustomizationPreStepEnabled>
        <makeCustomizationPreStep></makeCustomizationPreStep>
        <makeCustomizationPostStepEnabled>false</makeCustomizationPostStepEnabled>
        <makeCustomizationPostStep></makeCustomizationPostStep>
        <makeCustomizationPutChecksumInUserID>false</makeCustomizationPutChecksumInUserID>
        <makeCustomizationEnableLongLines>false</makeCustomizationEnableLongLines>
        <makeCustomizationNormalizeHexFile>false</makeCustomizationNormalizeHexFile>
      </makeCustomizationType>
      <HI-TECH-COMP>
        <property key="define-macros" value=""/>
        <property key="extra-include-directories" value=""/>
        <property key="identifier-length" value="255"/>
        <property key="operation-mode" value="free"/>
        <property key="opt-xc8-compiler-strict_ansi" value="false"/>
        <property key="optimization-assembler" value="true"/>
        <property key="optimization-assembler-files" value="false"/>
        <property key="optimization-debug" value="false"/>
        <property key="optimization-global" value="true"/>
        <property key="optimization-level" value="9"/>
        <property key="optimization-set" value="default"/>
        <property key="optimization-speed" value="true"/>
        <property key="preprocess-assembler" value="true"/>
        <property key="undefine-macros" value=""/>
        <property key="use-cci" value="false"/>
        <property key="verbose" value="false"/>
        <property key="warning-level" value="0"/>
        <property key="what-to-do" value="ignore"/>
      </HI-TECH-COMP>
      <HI-TECH-LINK>
      </HI-TECH-LINK>
      <Simulator>
      </Simulator>
      <XC8-config-global>
      </XC8-config-global>
    </conf>
  </confs>
</configurationDescriptor>
